{
    "geyser": {
        "orientation": "H",
        "tWall": 0.0015,
        "longLength": 1.19,
        "diameter": 0.4,
        "capacity": 0.15, 
        "h_thermistor_rel": 0.44,
        "coilPower": 2850,
        "setTemp": 60,
        "hysteresisBand": 3
    },
    "modelParameters": {
        "layerConfig": "CH",
        "n_mix_discharge": 1,
        "n_mix_charge": 1,
        "dt": 5,
        "T_ref": 0,
        "nodeNumber": 9,
        "tempInit": [
            20,
            20,
            20,
            20,
            20,
            20,
            20,
            20,
            20
        ],
        "U_layers": [
            4.3708,
            2.2298,
            1.9093,
            2.4764,
            1.9199,
            1.4782,
            1.7123,
            2.3768
        ],
        "U_Ambient": [
            0.5,
            1.45,
            1.9,
            2.15,
            2.2,
            2.15,
            1.8,
            1.35,
            0.4
        ], 
        "g_coeffs": [
            0.0755577075490031,	
            0.125523716799780,	
            0.155378625958230,	
            0.172040525800551,	
            0.171072810852033,	
            0.154187934806402,	
            0.104595880162199,	
            0,
            0
        ]
    },
    "input": {
        "source": {
            "csv": false,
            "filePath": "C:\\Users\\DanielvanSchalkwyk\\OneDrive - Stellenbosch University\\PhD\\EWH simulator\\SimProfileFile.csv"
        },
        "ambientTemp": {
            "unit": "°C",
            "value": 20
        },
        "events": {
            "discharge": [
            ],
            "charge": [
            ],
            "powerOff": [
            ]
        }
    }
}